Date,Adj Close
,XLP
2015-01-02,36.06727600097656
2015-01-05,35.81364440917969
2015-01-06,35.76887893676758
2015-01-07,36.380577087402344
2015-01-08,36.932586669921875
2015-01-09,36.63420486450195
2015-01-12,36.522308349609375
2015-01-13,36.51484680175781
2015-01-14,36.402957916259766
2015-01-15,36.462646484375
2015-01-16,36.75354766845703
2015-01-20,36.90275192260742
2015-01-21,37.0817756652832
2015-01-22,37.45475769042969
2015-01-23,37.03702163696289
2015-01-26,37.03702163696289
2015-01-27,36.611820220947266
2015-01-28,36.18661880493164
2015-01-29,36.47755813598633
2015-01-30,35.82111740112305
2015-02-02,36.246307373046875
2015-02-03,36.56707000732422
2015-02-04,36.58198165893555
2015-02-05,36.76847457885742
2015-02-06,36.60435485839844
2015-02-09,36.3283576965332
2015-02-10,36.75354766845703
2015-02-11,36.925140380859375
2015-02-12,37.0966911315918
2015-02-13,36.925140380859375
2015-02-17,36.932586669921875
2015-02-18,37.13399887084961
2015-02-19,36.895294189453125
2015-02-20,36.99971008300781
2015-02-23,37.104164123535156
2015-02-24,37.230979919433594
2015-02-25,37.104164123535156
2015-02-26,37.15637969970703
2015-02-27,37.305564880371094
2015-03-02,37.372684478759766
2015-03-03,37.230979919433594
2015-03-04,36.96988296508789
2015-03-05,37.0966911315918
2015-03-06,36.37311553955078
2015-03-09,36.574527740478516
2015-03-10,36.05234146118164
2015-03-11,35.776336669921875
2015-03-12,36.298526763916016
2015-03-13,36.015045166015625
2015-03-16,36.45517349243164
2015-03-17,36.194091796875
2015-03-18,36.440250396728516
2015-03-19,36.27613067626953
2015-03-20,36.73096466064453
2015-03-23,36.791011810302734
2015-03-24,36.580848693847656
2015-03-25,36.490787506103516
2015-03-26,36.33319091796875
2015-03-27,36.55833435058594
2015-03-30,36.92610549926758
2015-03-31,36.580848693847656
2015-04-01,36.62588119506836
2015-04-02,36.87355422973633
2015-04-06,37.166263580322266
2015-04-07,36.993648529052734
2015-04-08,37.053680419921875
2015-04-09,37.15876388549805
2015-04-10,37.22629928588867
2015-04-13,37.053680419921875
2015-04-14,37.13624572753906
2015-04-15,37.03118133544922
2015-04-16,37.166263580322266
2015-04-17,36.821022033691406
2015-04-20,36.9486198425293
2015-04-21,37.01615905761719
2015-04-22,37.038673400878906
2015-04-23,36.91108703613281
2015-04-24,36.9185905456543
2015-04-27,36.715946197509766
2015-04-28,36.753482818603516
2015-04-29,36.42325210571289
2015-04-30,36.30314636230469
2015-05-01,36.633384704589844
2015-05-04,36.68593215942383
2015-05-05,36.39321517944336
2015-05-06,36.50580978393555
2015-05-07,36.59587097167969
2015-05-08,36.903564453125
2015-05-11,36.753482818603516
2015-05-12,36.670902252197266
2015-05-13,36.65590286254883
2015-05-14,37.21880340576172
2015-05-15,37.3388786315918
2015-05-18,37.21880340576172
2015-05-19,37.12124252319336
2015-05-20,37.038673400878906
2015-05-21,37.12124252319336
2015-05-22,36.96363067626953
2015-05-26,36.670902252197266
2015-05-27,36.903564453125
2015-05-28,36.85105895996094
2015-05-29,36.618385314941406
2015-06-01,36.618385314941406
2015-06-02,36.52082443237305
2015-06-03,36.498287200927734
2015-06-04,36.23561096191406
2015-06-05,35.71774673461914
2015-06-08,35.70274353027344
2015-06-09,35.875362396240234
2015-06-10,36.22809600830078
2015-06-11,36.213096618652344
2015-06-12,36.07049560546875
2015-06-15,35.80781555175781
2015-06-16,36.19809341430664
2015-06-17,36.39321517944336
2015-06-18,36.79851150512695
2015-06-19,36.74716567993164
2015-06-22,36.89063262939453
2015-06-23,36.73206329345703
2015-06-24,36.56591033935547
2015-06-25,36.49795150756836
2015-06-26,36.573463439941406
2015-06-29,36.00707244873047
2015-06-30,35.946659088134766
2015-07-01,36.40732192993164
2015-07-02,36.377113342285156
2015-07-06,36.346920013427734
2015-07-07,37.09453582763672
2015-07-08,36.6791877746582
2015-07-09,36.70940017700195
2015-07-10,37.13984680175781
2015-07-13,37.48723220825195
2015-07-14,37.54763412475586
2015-07-15,37.449466705322266
2015-07-16,37.8346061706543
2015-07-17,37.81197738647461
2015-07-20,37.87992477416992
2015-07-21,37.78931427001953
2015-07-22,37.87238311767578
2015-07-23,37.728904724121094
2015-07-24,37.51744842529297
2015-07-27,37.49478530883789
2015-07-28,37.91769027709961
2015-07-29,38.04607391357422
2015-07-30,37.91769027709961
2015-07-31,37.99319839477539
2015-08-03,38.04607391357422
2015-08-04,38.04607391357422
2015-08-05,38.37834167480469
2015-08-06,38.091373443603516
2015-08-07,37.87992477416992
2015-08-10,38.023406982421875
2015-08-11,37.887481689453125
2015-08-12,37.910133361816406
2015-08-13,37.75910949707031
2015-08-14,37.87992477416992
2015-08-17,37.91769027709961
2015-08-18,37.728904724121094
2015-08-19,37.381507873535156
2015-08-20,37.04167175292969
2015-08-21,36.02973556518555
2015-08-24,34.776119232177734
2015-08-25,34.511817932128906
2015-08-26,35.53129577636719
2015-08-27,36.0523796081543
2015-08-28,35.976871490478516
2015-08-31,35.72765350341797
2015-09-01,34.99512481689453
2015-09-02,35.47089767456055
2015-09-03,35.712554931640625
2015-09-04,35.13106918334961
2015-09-08,35.863590240478516
2015-09-09,35.2745475769043
2015-09-10,35.33497619628906
2015-09-11,35.569053649902344
2015-09-14,35.45579528808594
2015-09-15,35.878684997558594
2015-09-16,36.2864875793457
2015-09-17,36.2864875793457
2015-09-18,35.8669548034668
2015-09-21,36.13295364379883
2015-09-22,35.73773956298828
2015-09-23,35.79853057861328
2015-09-24,35.859336853027344
2015-09-25,36.08735656738281
2015-09-28,35.55533218383789
2015-09-29,35.54011917114258
2015-09-30,35.8669548034668
2015-10-01,35.8669548034668
2015-10-02,36.36097717285156
2015-10-05,36.98423385620117
2015-10-06,36.73341369628906
2015-10-07,37.067840576171875
2015-10-08,37.5086555480957
2015-10-09,37.59227752685547
2015-10-12,37.69106674194336
2015-10-13,37.46306228637695
2015-10-14,37.02983474731445
2015-10-15,37.36425018310547
2015-10-16,37.72147750854492
2015-10-19,37.88869094848633
2015-10-20,37.86588668823242
2015-10-21,37.87349319458008
2015-10-22,38.625938415527344
2015-10-23,38.56513977050781
2015-10-26,38.489139556884766
2015-10-27,38.54235076904297
2015-10-28,38.32192611694336
2015-10-29,38.33711242675781
2015-10-30,37.91147994995117
2015-11-02,38.13949966430664
2015-11-03,37.95709228515625
2015-11-04,37.797481536865234
2015-11-05,37.78987503051758
2015-11-06,37.37944793701172
2015-11-09,37.128631591796875
2015-11-10,37.22743225097656
2015-11-11,37.174232482910156
2015-11-12,36.67258834838867
2015-11-13,36.35337448120117
2015-11-16,36.97662353515625
2015-11-17,36.96141815185547
2015-11-18,37.47064971923828
2015-11-19,37.56946563720703
2015-11-20,37.303443908691406
2015-11-23,37.63026809692383
2015-11-24,37.72907257080078
2015-11-25,37.8278923034668
2015-11-27,37.97230529785156
2015-11-30,37.56186294555664
2015-12-01,37.8810920715332
2015-12-02,37.69106674194336
2015-12-03,37.49346160888672
2015-12-04,38.33711242675781
2015-12-07,38.443538665771484
2015-12-08,38.34471893310547
2015-12-09,37.979896545410156
2015-12-10,38.025482177734375
2015-12-11,37.60746383666992
2015-12-14,37.979896545410156
2015-12-15,38.22311019897461
2015-12-16,38.96036911010742
2015-12-17,38.45871353149414
2015-12-18,37.77730178833008
2015-12-21,38.2060661315918
2015-12-22,38.703731536865234
2015-12-23,38.98703384399414
2015-12-24,38.94874572753906
2015-12-28,38.8951530456543
2015-12-29,39.23203659057617
2015-12-30,39.09421157836914
2015-12-31,38.65780258178711
2016-01-04,38.16777420043945
2016-01-05,38.41278839111328
2016-01-06,38.282630920410156
2016-01-07,37.82322692871094
2016-01-08,37.53229522705078
2016-01-11,37.88448715209961
2016-01-12,38.09120559692383
2016-01-13,37.39447784423828
2016-01-14,37.5705680847168
2016-01-15,36.98100662231445
2016-01-19,37.42510223388672
2016-01-20,36.95804977416992
2016-01-21,37.10352325439453
2016-01-22,37.739017486572266
2016-01-25,37.40213394165039
2016-01-26,37.746665954589844
2016-01-27,37.70838165283203
2016-01-28,38.09120559692383
2016-01-29,38.86452102661133
2016-02-01,38.99468231201172
2016-02-02,38.49702072143555
2016-02-03,38.41278839111328
2016-02-04,38.06059265136719
2016-02-05,37.99933624267578
2016-02-08,37.899803161621094
2016-02-09,38.1524772644043
2016-02-10,38.106529235839844
2016-02-11,37.800270080566406
2016-02-12,38.336238861083984
2016-02-16,38.64248275756836
2016-02-17,39.04061508178711
2016-02-18,38.86452102661133
2016-02-19,38.9257698059082
2016-02-22,39.11719512939453
2016-02-23,39.10953903198242
2016-02-24,39.23203659057617
2016-02-25,39.676116943359375
2016-02-26,39.11719512939453
2016-02-29,38.98703384399414
2016-03-01,39.36220169067383
2016-03-02,39.47704315185547
2016-03-03,39.676116943359375
2016-03-04,39.84455490112305
2016-03-07,39.599552154541016
2016-03-08,39.71439743041992
2016-03-09,40.01301193237305
2016-03-10,40.0283088684082
2016-03-11,40.15849304199219
2016-03-14,40.1355094909668
2016-03-15,40.23504638671875
2016-03-16,40.32693099975586
2016-03-17,40.57192611694336
2016-03-18,40.51883316040039
2016-03-21,40.54191589355469
2016-03-22,40.3033332824707
2016-03-23,40.31105041503906
2016-03-24,40.26486587524414
2016-03-28,40.480342864990234
2016-03-29,40.780487060546875
2016-03-30,41.049835205078125
2016-03-31,40.83436965942383
2016-04-01,41.26533508300781
2016-04-04,41.28071212768555
2016-04-05,41.003665924072266
2016-04-06,41.3268928527832
2016-04-07,40.88053512573242
2016-04-08,41.10371017456055
2016-04-11,40.81127166748047
2016-04-12,41.06523132324219
2016-04-13,40.74970245361328
2016-04-14,40.564998626708984
2016-04-15,40.81897735595703
2016-04-18,41.049835205078125
2016-04-19,41.02675247192383
2016-04-20,40.564998626708984
2016-04-21,39.84159851074219
2016-04-22,39.98781204223633
2016-04-25,40.26486587524414
2016-04-26,40.10325622558594
2016-04-27,40.2956428527832
2016-04-28,40.33412551879883
2016-04-29,40.249473571777344
2016-05-02,40.711238861083984
2016-05-03,40.634254455566406
2016-05-04,40.75739669799805
2016-05-05,40.76509475708008
2016-05-06,40.97288513183594
2016-05-09,41.19606018066406
2016-05-10,41.603939056396484
2016-05-11,41.27302551269531
2016-05-12,41.4962043762207
2016-05-13,40.97288513183594
2016-05-16,41.23453903198242
2016-05-17,40.42647171020508
2016-05-18,39.95703125
2016-05-19,40.349525451660156
2016-05-20,40.14173126220703
2016-05-23,40.18021011352539
2016-05-24,40.51883316040039
2016-05-25,40.58039474487305
2016-05-26,40.74201202392578
2016-05-27,40.78818130493164
2016-05-31,40.52652359008789
2016-06-01,40.942108154296875
2016-06-02,40.95749282836914
2016-06-03,41.219154357910156
2016-06-06,41.26533508300781
2016-06-07,41.219154357910156
2016-06-08,41.465423583984375
2016-06-09,41.62704086303711
2016-06-10,41.65782928466797
2016-06-13,41.31150436401367
2016-06-14,41.47313690185547
2016-06-15,41.3499870300293
2016-06-16,41.565467834472656
2016-06-17,41.39745330810547
2016-06-20,41.52907180786133
2016-06-21,41.63747787475586
2016-06-22,41.66069412231445
2016-06-23,41.91619873046875
2016-06-24,41.11099624633789
2016-06-27,41.025840759277344
2016-06-28,41.281333923339844
2016-06-29,41.76134490966797
2016-06-30,42.698150634765625
2016-07-01,42.49684524536133
2016-07-05,42.73686599731445
2016-07-06,42.77556610107422
2016-07-07,42.690406799316406
2016-07-08,43.11622619628906
2016-07-11,43.12397384643555
2016-07-12,42.89170455932617
2016-07-13,43.1317138671875
2016-07-14,43.12397384643555
2016-07-15,43.12397384643555
2016-07-18,43.0775146484375
2016-07-19,43.04655075073242
2016-07-20,42.89170455932617
2016-07-21,42.7678337097168
2016-07-22,42.96912384033203
2016-07-25,42.92268371582031
2016-07-26,42.58975601196289
2016-07-27,41.95490646362305
2016-07-28,42.14071273803711
2016-07-29,42.349761962890625
2016-08-01,42.39621353149414
2016-08-02,42.33427810668945
2016-08-03,42.10200119018555
2016-08-04,42.19490432739258
2016-08-05,42.264583587646484
2016-08-08,42.21814727783203
2016-08-09,42.349761962890625
2016-08-10,42.50459671020508
2016-08-11,42.50459671020508
2016-08-12,42.65169143676758
2016-08-15,42.54330825805664
2016-08-16,42.35749053955078
2016-08-17,42.473628997802734
2016-08-18,42.62071990966797
2016-08-19,42.52007293701172
2016-08-22,42.582027435302734
2016-08-23,42.49684524536133
2016-08-24,42.42717742919922
2016-08-25,42.264583587646484
2016-08-26,42.047813415527344
2016-08-29,42.29556655883789
2016-08-30,42.047813415527344
2016-08-31,42.10200119018555
2016-09-01,42.117488861083984
2016-09-02,42.442649841308594
2016-09-06,42.53555679321289
2016-09-07,42.16393280029297
2016-09-08,41.931671142578125
2016-09-09,40.79357147216797
2016-09-12,41.56005096435547
2016-09-13,41.049076080322266
2016-09-14,40.925193786621094
2016-09-15,41.25810623168945
2016-09-16,41.124114990234375
2016-09-19,41.038421630859375
2016-09-20,41.147483825683594
2016-09-21,41.37340545654297
2016-09-22,41.739532470703125
2016-09-23,41.55257797241211
2016-09-26,41.20201110839844
2016-09-27,41.37340545654297
2016-09-28,41.44351577758789
2016-09-29,41.038421630859375
2016-09-30,41.451297760009766
2016-10-03,41.186439514160156
2016-10-04,40.835880279541016
2016-10-05,40.796913146972656
2016-10-06,40.87482833862305
2016-10-07,40.76576614379883
2016-10-10,40.76576614379883
2016-10-11,40.555442810058594
2016-10-12,40.78133773803711
2016-10-13,40.78915023803711
2016-10-14,40.796913146972656
2016-10-17,40.6021728515625
2016-10-18,40.726810455322266
2016-10-19,40.493106842041016
2016-10-20,40.46974182128906
2016-10-21,40.6878662109375
2016-10-24,40.95273208618164
2016-10-25,41.10073471069336
2016-10-26,41.04621505737305
2016-10-27,40.85924530029297
2016-10-28,41.0306282043457
2016-10-31,41.13190841674805
2016-11-01,40.95273208618164
2016-11-02,40.851463317871094
2016-11-03,40.571006774902344
2016-11-04,40.20488357543945
2016-11-07,40.88261795043945
2016-11-08,41.05400466918945
2016-11-09,40.493106842041016
2016-11-10,39.410274505615234
2016-11-11,39.37133026123047
2016-11-14,39.301231384277344
2016-11-15,39.54270553588867
2016-11-16,39.55050277709961
2016-11-17,39.48040008544922
2016-11-18,39.340171813964844
2016-11-21,39.605037689208984
2016-11-22,39.807579040527344
2016-11-23,39.589454650878906
2016-11-25,39.90106201171875
2016-11-28,39.98676300048828
2016-11-29,40.04127883911133
2016-11-30,39.402496337890625
2016-12-01,39.14542007446289
2016-12-02,39.39470291137695
2016-12-05,39.44144821166992
2016-12-06,39.55830383300781
2016-12-07,40.1269645690918
2016-12-08,39.963382720947266
2016-12-09,40.53985595703125
2016-12-12,40.70344924926758
2016-12-13,40.89041519165039
2016-12-14,40.446372985839844
2016-12-15,40.617759704589844
2016-12-16,40.85006332397461
2016-12-19,40.928550720214844
2016-12-20,40.85006332397461
2016-12-21,40.842220306396484
2016-12-22,40.7794189453125
2016-12-23,40.857913970947266
2016-12-27,40.85006332397461
2016-12-28,40.598915100097656
2016-12-29,40.78728103637695
2016-12-30,40.58322525024414
2017-01-03,40.73234176635742
2017-01-04,40.73234176635742
2017-01-05,40.86576461791992
2017-01-06,40.90499496459961
2017-01-09,40.57537078857422
2017-01-10,40.371315002441406
2017-01-11,40.44981002807617
2017-01-12,40.41055679321289
2017-01-13,40.434104919433594
2017-01-17,41.00703048706055
2017-01-18,41.148284912109375
2017-01-19,40.99917984008789
2017-01-20,41.26600646972656
2017-01-23,41.25032424926758
2017-01-24,41.52501678466797
2017-01-25,41.51716613769531
2017-01-26,41.33664321899414
2017-01-27,41.10905075073242
2017-01-30,41.07765579223633
2017-01-31,41.27386474609375
2017-02-01,40.952083587646484
2017-02-02,41.328800201416016
2017-02-03,41.595645904541016
2017-02-06,41.3680419921875
2017-02-07,41.70551300048828
2017-02-08,41.8781852722168
2017-02-09,42.05085372924805
2017-02-10,42.08222961425781
2017-02-13,42.08222961425781
2017-02-14,42.09009552001953
2017-02-15,42.474639892578125
2017-02-16,42.529579162597656
2017-02-17,42.741485595703125
2017-02-21,43.12604904174805
2017-02-22,43.1338996887207
2017-02-23,43.23591613769531
2017-02-24,43.38503646850586
2017-02-27,43.1888427734375
2017-02-28,43.243778228759766
2017-03-01,43.44782257080078
2017-03-02,43.43997573852539
2017-03-03,43.2751579284668
2017-03-06,43.086814880371094
2017-03-07,43.031864166259766
2017-03-08,42.93769454956055
2017-03-09,43.00832748413086
2017-03-10,43.20453643798828
2017-03-13,43.23591613769531
2017-03-14,43.1103515625
2017-03-15,43.4321403503418
2017-03-16,43.49491882324219
2017-03-17,43.3765754699707
2017-03-20,43.463356018066406
2017-03-21,43.42391586303711
2017-03-22,43.33712387084961
2017-03-23,43.242454528808594
2017-03-24,43.15567398071289
2017-03-27,43.116214752197266
2017-03-28,43.19511413574219
2017-03-29,43.27400588989258
2017-03-30,43.187225341796875
2017-03-31,43.06099319458008
2017-04-03,42.989990234375
2017-04-04,43.116214752197266
2017-04-05,43.03732681274414
2017-04-06,43.03732681274414
2017-04-07,43.15567398071289
2017-04-10,43.28190612792969
2017-04-11,43.29766845703125
2017-04-12,43.463356018066406
2017-04-13,43.2661247253418
2017-04-17,43.57380676269531
2017-04-18,43.77104187011719
2017-04-19,43.605369567871094
2017-04-20,43.518577575683594
2017-04-21,43.392356872558594
2017-04-24,43.786827087402344
2017-04-25,43.96039962768555
2017-04-26,43.605369567871094
2017-04-27,43.55015182495117
2017-04-28,43.534358978271484
2017-05-01,43.368675231933594
2017-05-02,43.0767707824707
2017-05-03,43.116214752197266
2017-05-04,43.44758224487305
2017-05-05,43.565914154052734
2017-05-08,43.55015182495117
2017-05-09,43.392356872558594
2017-05-10,43.42391586303711
2017-05-11,43.487030029296875
2017-05-12,43.36079406738281
2017-05-15,43.5027961730957
2017-05-16,43.463356018066406
2017-05-17,43.400245666503906
2017-05-18,43.43179702758789
2017-05-19,43.668487548828125
2017-05-22,43.913063049316406
2017-05-23,43.96039962768555
2017-05-24,44.13395690917969
2017-05-25,44.41009521484375
2017-05-26,44.57577896118164
2017-05-30,44.56000900268555
2017-05-31,44.68623352050781
2017-06-01,45.04914093017578
2017-06-02,45.18328094482422
2017-06-05,45.23060989379883
2017-06-06,45.12016677856445
2017-06-07,45.1043815612793
2017-06-08,44.76512908935547
2017-06-09,44.70989990234375
2017-06-12,44.70201873779297
2017-06-13,44.77302932739258
2017-06-14,45.05704116821289
2017-06-15,44.9544792175293
2017-06-16,44.48222351074219
2017-06-19,44.696895599365234
2017-06-20,44.5219841003418
2017-06-21,44.394775390625
2017-06-22,44.10061264038086
2017-06-23,44.11651611328125
2017-06-26,44.29142379760742
2017-06-27,43.90979766845703
2017-06-28,44.068817138671875
2017-06-29,43.59973907470703
2017-06-30,43.67924118041992
2017-07-03,43.63948440551758
2017-07-05,43.60768508911133
2017-07-06,43.361236572265625
2017-07-07,43.33736801147461
2017-07-10,43.03527069091797
2017-07-11,42.9160041809082
2017-07-12,43.154510498046875
2017-07-13,43.1624641418457
2017-07-14,43.50434112548828
2017-07-17,43.55202865600586
2017-07-18,43.55202865600586
2017-07-19,43.71104049682617
2017-07-20,43.71898651123047
2017-07-21,43.79055404663086
2017-07-24,43.64744567871094
2017-07-25,43.94955062866211
2017-07-26,43.94160079956055
2017-07-27,44.37092208862305
2017-07-28,43.997257232666016
2017-07-31,43.981353759765625
2017-08-01,43.93364715576172
2017-08-02,43.9018440246582
2017-08-03,43.86209487915039
2017-08-04,43.74284744262695
2017-08-07,44.068817138671875
2017-08-08,43.9018440246582
2017-08-09,43.973419189453125
2017-08-10,43.79055404663086
2017-08-11,43.822349548339844
2017-08-14,44.037010192871094
2017-08-15,44.259605407714844
2017-08-16,44.41067123413086
2017-08-17,44.00520324707031
2017-08-18,43.885963439941406
2017-08-21,44.044960021972656
2017-08-22,44.05291748046875
2017-08-23,43.92570495605469
2017-08-24,43.32147979736328
2017-08-25,43.46457290649414
2017-08-28,43.33736801147461
2017-08-29,43.48843765258789
2017-08-30,43.480491638183594
2017-08-31,43.49637222290039
2017-09-01,43.70308303833008
2017-09-05,43.766693115234375
2017-09-06,43.94955062866211
2017-09-07,44.01315689086914
2017-09-08,43.798492431640625
2017-09-11,44.068817138671875
2017-09-12,44.164215087890625
2017-09-13,44.18806457519531
2017-09-14,44.10061264038086
2017-09-15,44.17741012573242
2017-09-18,44.24141311645508
2017-09-19,44.10541915893555
2017-09-20,43.681392669677734
2017-09-21,43.265380859375
2017-09-22,43.137367248535156
2017-09-25,43.449398040771484
2017-09-26,43.55339050292969
2017-09-27,43.21738815307617
2017-09-28,43.21738815307617
2017-09-29,43.185386657714844
2017-10-02,43.105384826660156
2017-10-03,43.15338134765625
2017-10-04,43.28938293457031
2017-10-05,43.48139190673828
2017-10-06,43.04936981201172
2017-10-09,42.92936706542969
2017-10-10,43.30538558959961
2017-10-11,43.39339828491211
2017-10-12,43.577396392822266
2017-10-13,43.65740203857422
2017-10-16,43.673404693603516
2017-10-17,43.513397216796875
2017-10-18,43.45738983154297
2017-10-19,43.22537612915039
2017-10-20,43.12137985229492
2017-10-23,43.08938980102539
2017-10-24,42.9373664855957
2017-10-25,42.8173713684082
2017-10-26,42.84938430786133
2017-10-27,42.48136520385742
2017-10-30,42.12135314941406
2017-10-31,42.47335433959961
2017-11-01,42.60935974121094
2017-11-02,42.50536346435547
2017-11-03,42.51336669921875
2017-11-06,42.05735397338867
2017-11-07,42.529354095458984
2017-11-08,42.993377685546875
2017-11-09,42.98537826538086
2017-11-10,43.425384521484375
2017-11-13,43.673404693603516
2017-11-14,43.825401306152344
2017-11-15,43.36138153076172
2017-11-16,43.96141052246094
2017-11-17,43.809410095214844
2017-11-20,43.76140213012695
2017-11-21,43.90540313720703
2017-11-22,43.84939956665039
2017-11-24,43.81740188598633
2017-11-27,43.84140396118164
2017-11-28,44.20142364501953
2017-11-29,44.43342590332031
2017-11-30,44.84143829345703
2017-12-01,44.953433990478516
2017-12-04,45.37744903564453
2017-12-05,45.305450439453125
2017-12-06,45.59346008300781
2017-12-07,45.1534423828125
2017-12-08,45.27344512939453
2017-12-11,45.265445709228516
2017-12-12,45.27344512939453
2017-12-13,45.529457092285156
2017-12-14,45.32945251464844
2017-12-15,45.843658447265625
2017-12-18,45.819480895996094
2017-12-19,45.87590789794922
2017-12-20,45.7952995300293
2017-12-21,45.763065338134766
2017-12-22,45.835601806640625
2017-12-26,45.94038009643555
2017-12-27,45.93232345581055
2017-12-28,45.859779357910156
2017-12-29,45.85171890258789
2018-01-02,45.56962585449219
2018-01-03,45.55351638793945
2018-01-04,45.68246841430664
2018-01-05,45.88396453857422
2018-01-08,45.996795654296875
2018-01-09,45.93232345581055
2018-01-10,45.706642150878906
2018-01-11,45.642173767089844
2018-01-12,45.65829086303711
2018-01-16,45.86784362792969
2018-01-17,46.39171600341797
2018-01-18,46.254703521728516
2018-01-19,46.77052688598633
2018-01-22,47.125160217285156
2018-01-23,46.972023010253906
2018-01-24,47.06873321533203
2018-01-25,47.09291458129883
2018-01-26,47.31859588623047
2018-01-29,47.133216857910156
2018-01-30,46.818885803222656
2018-01-31,46.60126495361328
2018-02-01,46.399776458740234
2018-02-02,45.513214111328125
2018-02-05,43.8609733581543
2018-02-06,44.34456253051758
2018-02-07,44.151126861572266
2018-02-08,43.2000732421875
2018-02-09,43.28873062133789
2018-02-12,43.732017517089844
2018-02-13,43.933509826660156
2018-02-14,43.909332275390625
2018-02-15,44.634700775146484
2018-02-16,44.81202697753906
2018-02-20,43.79648971557617
2018-02-21,43.272613525390625
2018-02-22,43.38544845581055
2018-02-23,43.80454635620117
2018-02-26,44.078575134277344
2018-02-27,43.498287200927734
2018-02-28,43.04693603515625
2018-03-01,42.950225830078125
2018-03-02,43.31290817260742
2018-03-05,43.69171142578125
2018-03-06,43.72395706176758
2018-03-07,43.32902908325195
2018-03-08,43.72395706176758
2018-03-09,44.00604248046875
2018-03-12,43.925445556640625
2018-03-13,43.89321517944336
2018-03-14,43.449928283691406
2018-03-15,43.143646240234375
2018-03-16,43.1590576171875
2018-03-19,42.737586975097656
2018-03-20,42.61601638793945
2018-03-21,42.08919143676758
2018-03-22,41.74068069458008
2018-03-23,41.22196578979492
2018-03-26,41.813621520996094
2018-03-27,41.78932571411133
2018-03-28,42.36477279663086
2018-03-29,42.65654754638672
2018-04-02,41.611000061035156
2018-04-03,42.16213607788086
2018-04-04,42.81865310668945
2018-04-05,42.92401123046875
2018-04-06,42.48634338378906
2018-04-09,42.46202850341797
2018-04-10,42.559288024902344
2018-04-11,42.47822952270508
2018-04-12,42.413394927978516
2018-04-13,42.62413024902344
2018-04-16,43.08610916137695
2018-04-17,43.18336486816406
2018-04-18,42.859161376953125
2018-04-19,41.619110107421875
2018-04-20,40.92207717895508
2018-04-23,40.873435974121094
2018-04-24,40.61408615112305
2018-04-25,40.68703079223633
2018-04-26,40.930179595947266
2018-04-27,41.149017333984375
2018-04-30,40.88966751098633
2018-05-01,40.53303909301758
2018-05-02,39.73875427246094
2018-05-03,39.69821548461914
2018-05-04,40.273677825927734
2018-05-07,40.02241516113281
2018-05-08,39.86033248901367
2018-05-09,39.91706466674805
2018-05-10,40.152103424072266
2018-05-11,40.152103424072266
2018-05-14,40.135902404785156
2018-05-15,39.98189926147461
2018-05-16,40.26558303833008
2018-05-17,40.403358459472656
2018-05-18,40.152103424072266
2018-05-21,40.32230758666992
2018-05-22,40.249366760253906
2018-05-23,40.39525604248047
2018-05-24,40.362831115722656
2018-05-25,40.427669525146484
2018-05-29,40.3385124206543
2018-05-30,40.90586853027344
2018-05-31,40.249366760253906
2018-06-01,40.249366760253906
2018-06-04,40.5816764831543
2018-06-05,40.39525604248047
2018-06-06,40.44388961791992
2018-06-07,40.69514083862305
2018-06-08,41.1976432800293
2018-06-11,41.538047790527344
2018-06-12,41.619110107421875
2018-06-13,41.48942565917969
2018-06-14,41.5623664855957
2018-06-15,42.09654998779297
2018-06-18,41.483970642089844
2018-06-19,41.704498291015625
2018-06-20,41.74533462524414
2018-06-21,41.82700729370117
2018-06-22,42.17006301879883
2018-06-25,42.38241195678711
2018-06-26,42.20272445678711
2018-06-27,42.112892150878906
2018-06-28,42.112892150878906
2018-06-29,42.088382720947266
2018-07-02,41.84334182739258
2018-07-03,41.94136047363281
2018-07-05,42.52126693725586
2018-07-06,42.651954650878906
2018-07-09,42.48858642578125
2018-07-10,42.994998931884766
2018-07-11,42.85614776611328
2018-07-12,42.79897689819336
2018-07-13,43.07667541503906
2018-07-16,42.87248229980469
2018-07-17,43.24002456665039
2018-07-18,42.88881301879883
2018-07-19,42.9133186340332
2018-07-20,43.1746826171875
2018-07-23,42.905155181884766
2018-07-24,42.98683166503906
2018-07-25,43.31352996826172
2018-07-26,43.542232513427734
2018-07-27,43.59941482543945
2018-07-30,43.55039978027344
2018-07-31,43.75459289550781
2018-08-01,43.387046813964844
2018-08-02,43.8281135559082
2018-08-03,44.34267807006836
2018-08-06,44.38351821899414
2018-08-07,44.11397171020508
2018-08-08,43.77909851074219
2018-08-09,43.648406982421875
2018-08-10,43.48506164550781
2018-08-13,43.48506164550781
2018-08-14,43.787261962890625
2018-08-15,43.96695327758789
2018-08-16,44.59587478637695
2018-08-17,44.938926696777344
2018-08-20,44.9144172668457
2018-08-21,44.59587478637695
2018-08-22,44.31816864013672
2018-08-23,44.21198272705078
2018-08-24,44.154815673828125
2018-08-27,44.1793212890625
2018-08-28,44.032310485839844
2018-08-29,44.0813102722168
2018-08-30,43.94245529174805
2018-08-31,43.926124572753906
2018-09-04,43.86894607543945
2018-09-05,44.37534713745117
2018-09-06,44.497859954833984
2018-09-07,44.40800857543945
2018-09-10,44.56319808959961
2018-09-11,44.399845123291016
2018-09-12,44.9144172668457
2018-09-13,44.84907150268555
2018-09-14,44.7265625
2018-09-17,44.889915466308594
2018-09-18,44.70204544067383
2018-09-19,44.620384216308594
2018-09-20,45.18394470214844
2018-09-21,45.256343841552734
2018-09-24,44.565399169921875
2018-09-25,44.30218505859375
2018-09-26,44.351539611816406
2018-09-27,44.29396057128906
2018-09-28,44.35976028442383
2018-10-01,44.32685852050781
2018-10-02,44.581851959228516
2018-10-03,44.104766845703125
2018-10-04,43.99784851074219
2018-10-05,43.95671081542969
2018-10-08,44.565399169921875
2018-10-09,44.46669387817383
2018-10-10,43.93204116821289
2018-10-11,42.846275329589844
2018-10-12,43.08482360839844
2018-10-15,43.34803009033203
2018-10-16,43.833335876464844
2018-10-17,44.03897476196289
2018-10-18,43.98140335083008
2018-10-19,44.98488998413086
2018-10-22,44.64765548706055
2018-10-23,44.845062255859375
2018-10-24,45.03425598144531
2018-10-25,45.14118194580078
2018-10-26,44.277503967285156
2018-10-29,44.7874870300293
2018-10-30,45.67583084106445
2018-10-31,45.24811553955078
2018-11-01,45.568904876708984
2018-11-02,45.330360412597656
2018-11-05,45.897911071777344
2018-11-06,46.177581787109375
2018-11-07,46.440799713134766
2018-11-08,46.465476989746094
2018-11-09,46.73691940307617
2018-11-12,46.49015426635742
2018-11-13,46.38323211669922
2018-11-14,46.07064437866211
2018-11-15,45.996620178222656
2018-11-16,46.11177444458008
2018-11-19,46.037757873535156
2018-11-20,45.272789001464844
2018-11-21,44.910865783691406
2018-11-23,45.06714630126953
2018-11-26,45.12472915649414
2018-11-27,45.52777099609375
2018-11-28,45.90613555908203
2018-11-29,45.980167388916016
2018-11-30,46.27629470825195
2018-12-03,46.31742477416992
2018-12-04,45.53600311279297
2018-12-06,45.58534622192383
2018-12-07,45.009578704833984
2018-12-10,45.009578704833984
2018-12-11,45.379722595214844
2018-12-12,45.32212448120117
2018-12-13,45.60179901123047
2018-12-14,44.828609466552734
2018-12-17,43.79220199584961
2018-12-18,43.27399826049805
2018-12-19,42.85451126098633
2018-12-20,42.08954620361328
2018-12-21,41.652923583984375
2018-12-24,40.449317932128906
2018-12-26,41.57822036743164
2018-12-27,41.97666931152344
2018-12-28,41.97666931152344
2018-12-31,42.15096664428711
2019-01-02,41.901947021484375
2019-01-03,41.661231994628906
2019-01-04,42.54939651489258
2019-01-07,42.491294860839844
2019-01-08,42.88142776489258
2019-01-09,42.483001708984375
2019-01-10,42.73201370239258
2019-01-11,42.856536865234375
2019-01-14,42.649009704589844
2019-01-15,43.07234191894531
2019-01-16,42.839927673339844
2019-01-17,43.02252960205078
2019-01-18,43.53718948364258
2019-01-22,43.13875961303711
2019-01-23,43.653404235839844
2019-01-24,43.11383819580078
2019-01-25,42.93953323364258
2019-01-28,43.12213897705078
2019-01-29,43.221763610839844
2019-01-30,43.51228332519531
2019-01-31,44.31745147705078
2019-02-01,44.17634201049805
2019-02-04,44.45857238769531
2019-02-05,44.466854095458984
2019-02-06,44.47517013549805
2019-02-07,44.44196319580078
2019-02-08,44.64949035644531
2019-02-11,44.76570129394531
2019-02-12,45.114322662353516
2019-02-13,45.19733428955078
2019-02-14,44.69099044799805
2019-02-15,45.114322662353516
2019-02-19,45.346744537353516
2019-02-20,45.26371765136719
2019-02-21,45.396541595458984
2019-02-22,45.180721282958984
2019-02-25,44.93170166015625
2019-02-26,44.956607818603516
2019-02-27,44.89020538330078
2019-02-28,45.10601806640625
2019-03-01,45.023014068603516
2019-03-04,44.948299407958984
2019-03-05,44.915103912353516
2019-03-06,44.848697662353516
2019-03-07,44.558170318603516
2019-03-08,44.583072662353516
2019-03-11,45.164127349853516
2019-03-12,45.180721282958984
2019-03-13,45.43805694580078
2019-03-14,45.396541595458984
2019-03-15,45.653602600097656
2019-03-18,45.72037124633789
2019-03-19,45.6870002746582
2019-03-20,45.495025634765625
2019-03-21,46.02919387817383
2019-03-22,45.97075271606445
2019-03-25,46.062564849853516
2019-03-26,46.45484161376953
2019-03-27,46.2962646484375
2019-03-28,46.521610260009766
2019-03-29,46.83041000366211
2019-04-01,46.671844482421875
2019-04-02,46.28791427612305
2019-04-03,46.062564849853516
2019-04-04,46.23783874511719
2019-04-05,46.39641189575195
2019-04-08,46.58837890625
2019-04-09,46.52996063232422
2019-04-10,46.66348648071289
2019-04-11,46.75529098510742
2019-04-12,46.90553283691406
2019-04-15,47.18095779418945
2019-04-16,47.18930435180664
2019-04-17,47.42299270629883
2019-04-18,47.46472930908203
2019-04-22,47.481414794921875
2019-04-23,47.33119201660156
2019-04-24,47.43134689331055
2019-04-25,47.13087844848633
2019-04-26,47.55653762817383
2019-04-29,47.61495590209961
2019-04-30,48.165794372558594
2019-05-01,47.57321548461914
2019-05-02,47.55653762817383
2019-05-03,47.91542053222656
2019-05-06,47.84030532836914
2019-05-07,47.36457061767578
2019-05-08,47.356224060058594
2019-05-09,47.25607681274414
2019-05-10,47.83195877075195
2019-05-13,47.381256103515625
2019-05-14,47.60660934448242
2019-05-15,47.98219680786133
2019-05-16,48.35777282714844
2019-05-17,48.19919204711914
2019-05-20,48.08235168457031
2019-05-21,47.98219680786133
2019-05-22,48.19919204711914
2019-05-23,48.182491302490234
2019-05-24,48.00722122192383
2019-05-28,47.222686767578125
2019-05-29,46.88048553466797
2019-05-30,47.08079528808594
2019-05-31,46.41311264038086
2019-06-03,46.997352600097656
2019-06-04,47.42299270629883
2019-06-05,47.96549606323242
2019-06-06,48.46626663208008
2019-06-07,48.933658599853516
2019-06-10,48.950340270996094
2019-06-11,49.10892868041992
2019-06-12,49.18403625488281
2019-06-13,49.292545318603516
2019-06-14,49.31758117675781
2019-06-17,49.175689697265625
2019-06-18,48.90861892700195
2019-06-19,49.10892868041992
2019-06-20,49.54292678833008
2019-06-21,49.382301330566406
2019-06-24,49.50844192504883
2019-06-25,49.483219146728516
2019-06-26,48.77678680419922
2019-06-27,48.86930847167969
2019-06-28,48.83565902709961
2019-07-01,49.130001068115234
2019-07-02,49.55890655517578
2019-07-03,50.17281723022461
2019-07-05,49.95415496826172
2019-07-08,50.02145004272461
2019-07-09,49.72711181640625
2019-07-10,50.04666519165039
2019-07-11,50.17281723022461
2019-07-12,50.31578826904297
2019-07-15,50.43352127075195
2019-07-16,50.45034408569336
2019-07-17,50.391475677490234
2019-07-18,50.72785949707031
2019-07-19,50.40829086303711
2019-07-22,50.11395263671875
2019-07-23,50.475582122802734
2019-07-24,50.139183044433594
2019-07-25,50.20645523071289
2019-07-26,50.7699089050293
2019-07-29,50.862430572509766
2019-07-30,51.013797760009766
2019-07-31,49.97939682006836
2019-08-01,49.802791595458984
2019-08-02,49.81119155883789
2019-08-05,48.516090393066406
2019-08-06,48.95339584350586
2019-08-07,49.525264739990234
2019-08-08,50.164405822753906
2019-08-09,49.88688659667969
2019-08-12,49.55048751831055
2019-08-13,50.11395263671875
2019-08-14,49.32342529296875
2019-08-15,50.0634880065918
2019-08-16,50.635353088378906
2019-08-19,51.13993835449219
2019-08-20,50.584896087646484
2019-08-21,50.71945571899414
2019-08-22,50.98855972290039
2019-08-23,50.139183044433594
2019-08-26,50.761505126953125
2019-08-27,50.6185417175293
2019-08-28,51.10630798339844
2019-08-29,51.131534576416016
2019-08-30,51.06425094604492
2019-09-03,51.358604431152344
2019-09-04,51.82114028930664
2019-09-05,51.501564025878906
2019-09-06,51.66975784301758
2019-09-09,51.55202102661133
2019-09-10,51.23245620727539
2019-09-11,51.4174690246582
2019-09-12,51.62770462036133
2019-09-13,51.3333625793457
2019-09-16,50.837188720703125
2019-09-17,51.114715576171875
2019-09-18,51.198822021484375
2019-09-19,51.19040298461914
2019-09-20,51.02797317504883
2019-09-23,51.23100662231445
2019-09-24,51.4424934387207
2019-09-25,51.47632598876953
2019-09-26,51.763954162597656
2019-09-27,51.70473861694336
2019-09-30,51.958526611328125
2019-10-01,51.82317352294922
2019-10-02,50.782649993896484
2019-10-03,51.1379508972168
2019-10-04,51.94161605834961
2019-10-07,51.51863479614258
2019-10-08,51.02797317504883
2019-10-09,51.4171142578125
2019-10-10,51.51863479614258
2019-10-11,51.46787643432617
2019-10-14,51.21407699584961
2019-10-15,50.994136810302734
2019-10-16,51.044898986816406
2019-10-17,51.28177261352539
2019-10-18,51.38328170776367
2019-10-21,51.552467346191406
2019-10-22,51.56938552856445
2019-10-23,51.80625534057617
2019-10-24,51.983909606933594
2019-10-25,51.67937088012695
2019-10-28,51.577842712402344
2019-10-29,51.577842712402344
2019-10-30,51.81470489501953
2019-10-31,51.73857879638672
2019-11-01,51.73012161254883
2019-11-04,51.23100662231445
2019-11-05,51.40018844604492
2019-11-06,51.6116943359375
2019-11-07,51.43404769897461
2019-11-08,51.40018844604492
2019-11-11,51.32406234741211
2019-11-12,51.493247985839844
2019-11-13,51.88238525390625
2019-11-14,51.8654670715332
2019-11-15,51.88238525390625
2019-11-18,52.15310287475586
2019-11-19,52.08541488647461
2019-11-20,52.2038459777832
2019-11-21,51.94161605834961
2019-11-22,51.857017517089844
2019-11-25,51.91623306274414
2019-11-26,52.33919906616211
2019-11-27,52.466102600097656
2019-11-29,52.449180603027344
2019-12-02,52.5676155090332
2019-12-03,52.48301696777344
2019-12-04,52.82986068725586
2019-12-05,52.812950134277344
2019-12-06,53.01597213745117
2019-12-09,53.05826950073242
2019-12-10,52.88908386230469
2019-12-11,52.965213775634766
2019-12-12,52.92290496826172
2019-12-13,53.10902786254883
2019-12-16,53.29513931274414
2019-12-17,53.21054458618164
2019-12-18,53.125953674316406
2019-12-19,53.413570404052734
2019-12-20,53.81698226928711
2019-12-23,53.58671569824219
2019-12-24,53.654937744140625
2019-12-26,53.70612335205078
2019-12-27,53.94491958618164
2019-12-30,53.66346740722656
2019-12-31,53.71464157104492
2020-01-02,53.28820037841797
2020-01-03,53.202911376953125
2020-01-06,53.313777923583984
2020-01-07,52.90439224243164
2020-01-08,53.100563049316406
2020-01-09,53.475826263427734
2020-01-10,53.441715240478516
2020-01-13,53.79140090942383
2020-01-14,53.808448791503906
2020-01-15,54.1922492980957
2020-01-16,54.33724594116211
2020-01-17,54.43106460571289
2020-01-21,54.61870193481445
2020-01-22,54.66133499145508
2020-01-23,54.610164642333984
2020-01-24,54.234901428222656
2020-01-27,54.064327239990234
2020-01-28,54.132564544677734
2020-01-29,53.8596305847168
2020-01-30,54.499298095703125
2020-01-31,53.88521957397461
2020-02-03,53.88521957397461
2020-02-04,54.20931625366211
2020-02-05,54.64429473876953
2020-02-06,54.73810577392578
2020-02-07,54.80632781982422
2020-02-10,55.0366096496582
2020-02-11,54.8319091796875
2020-02-12,54.80632781982422
2020-02-13,55.13042449951172
2020-02-14,55.258358001708984
2020-02-18,55.062198638916016
2020-02-19,55.00249481201172
2020-02-20,55.04513931274414
2020-02-21,55.13896179199219
2020-02-24,53.86815643310547
2020-02-25,52.89586639404297
2020-02-26,52.59736251831055
2020-02-27,50.45662307739258
2020-02-28,49.45874786376953
2020-03-02,52.102691650390625
2020-03-03,51.39479446411133
2020-03-04,53.91933059692383
2020-03-05,52.90439224243164
2020-03-06,52.48648452758789
2020-03-09,50.200767517089844
2020-03-10,51.64213180541992
2020-03-11,49.109073638916016
2020-03-12,44.494964599609375
2020-03-13,48.281768798828125
2020-03-16,45.0067024230957
2020-03-17,48.802032470703125
2020-03-18,47.54829406738281
2020-03-19,45.9619255065918
2020-03-20,42.98534393310547
2020-03-23,41.713287353515625
2020-03-24,43.840545654296875
2020-03-25,43.720462799072266
2020-03-26,46.1136360168457
2020-03-27,45.89919662475586
2020-03-30,47.691932678222656
2020-03-31,46.722660064697266
2020-04-01,45.933502197265625
2020-04-02,47.108642578125
2020-04-03,47.47749710083008
2020-04-06,49.24449157714844
2020-04-07,48.67837142944336
2020-04-08,49.398902893066406
2020-04-09,49.86208724975586
2020-04-13,49.493255615234375
2020-04-14,51.59477996826172
2020-04-15,50.7799072265625
2020-04-16,51.11442565917969
2020-04-17,51.89500045776367
2020-04-20,50.87425994873047
2020-04-21,49.7934684753418
2020-04-22,50.27382278442383
2020-04-23,49.827781677246094
2020-04-24,50.359588623046875
2020-04-27,50.50540542602539
2020-04-28,50.78847122192383
2020-04-29,50.57403564453125
2020-04-30,49.973602294921875
2020-05-01,49.42462921142578
2020-05-04,49.398902893066406
2020-05-05,49.44178771972656
2020-05-06,48.90138626098633
2020-05-07,48.76414489746094
2020-05-08,49.853515625
2020-05-11,49.78489303588867
2020-05-12,49.36458206176758
2020-05-13,48.918540954589844
2020-05-14,48.79844665527344
2020-05-15,49.227333068847656
2020-05-18,50.00790786743164
2020-05-19,49.0900993347168
2020-05-20,49.67338562011719
2020-05-21,49.12440490722656
2020-05-22,49.29596710205078
2020-05-26,49.561866760253906
2020-05-27,50.308128356933594
2020-05-28,50.75416564941406
2020-05-29,50.80562210083008
2020-06-01,51.15732192993164
2020-06-02,51.29456329345703
2020-06-03,51.363182067871094
2020-06-04,51.11442565917969
2020-06-05,51.82637405395508
2020-06-08,52.38393783569336
2020-06-09,51.955047607421875
2020-06-10,51.809226989746094
2020-06-11,49.844940185546875
2020-06-12,49.853515625
2020-06-15,50.428226470947266
2020-06-16,51.21736526489258
2020-06-17,51.14017105102539
2020-06-18,51.40607833862305
2020-06-19,51.14017105102539
2020-06-22,50.99407958984375
2020-06-23,50.91626739501953
2020-06-24,50.060462951660156
2020-06-25,50.414894104003906
2020-06-26,49.386192321777344
2020-06-29,50.319786071777344
2020-06-30,50.691505432128906
2020-07-01,50.734737396240234
2020-07-02,50.99407958984375
2020-07-06,51.2447624206543
2020-07-07,51.71157455444336
2020-07-08,51.58190155029297
2020-07-09,51.17561721801758
2020-07-10,52.117862701416016
2020-07-13,52.040069580078125
2020-07-14,52.800785064697266
2020-07-15,52.84400939941406
2020-07-16,52.956390380859375
2020-07-17,53.24165344238281
2020-07-20,52.705692291259766
2020-07-21,53.163848876953125
2020-07-22,53.58744812011719
2020-07-23,53.77760314941406
2020-07-24,53.70845031738281
2020-07-27,53.97643280029297
2020-07-28,54.17525863647461
2020-07-29,54.25305938720703
2020-07-30,54.25305938720703
2020-07-31,54.20119094848633
2020-08-03,54.05423355102539
2020-08-04,54.728511810302734
2020-08-05,54.61613464355469
2020-08-06,54.60749053955078
2020-08-07,54.901397705078125
2020-08-10,55.186668395996094
2020-08-11,54.806304931640625
2020-08-12,55.51516342163086
2020-08-13,55.471946716308594
2020-08-14,55.46330642700195
2020-08-17,55.77449417114258
2020-08-18,55.99925994873047
2020-08-19,55.558380126953125
2020-08-20,55.44600296020508
2020-08-21,55.58432388305664
2020-08-24,56.05976104736328
2020-08-25,55.93873596191406
2020-08-26,56.00789260864258
2020-08-27,56.35368347167969
2020-08-28,56.855064392089844
2020-08-31,56.69082260131836
2020-09-01,56.75132751464844
2020-09-02,57.78002166748047
2020-09-03,56.78590774536133
2020-09-04,56.65624237060547
2020-09-08,55.46330642700195
2020-09-09,56.267234802246094
2020-09-10,55.57567596435547
2020-09-11,55.886878967285156
2020-09-14,56.24995422363281
2020-09-15,56.172142028808594
2020-09-16,55.92146301269531
2020-09-17,55.56703186035156
2020-09-18,55.05699920654297
2020-09-21,54.63698959350586
2020-09-22,54.958740234375
2020-09-23,54.13262176513672
2020-09-24,54.53262710571289
2020-09-25,54.819602966308594
2020-09-28,55.437015533447266
2020-09-29,55.0717887878418
2020-09-30,55.74137878417969
2020-10-01,56.0544319152832
2020-10-02,55.74137878417969
2020-10-05,56.11531066894531
2020-10-06,55.75008010864258
2020-10-07,56.350093841552734
2020-10-08,56.724037170410156
2020-10-09,57.16751480102539
2020-10-12,57.828426361083984
2020-10-13,57.78493118286133
2020-10-14,57.489280700683594
2020-10-15,57.52406311035156
2020-10-16,57.54145431518555
2020-10-19,56.79358673095703
2020-10-20,56.73271560668945
2020-10-21,56.78489685058594
2020-10-22,56.7588005065918
2020-10-23,56.8631591796875
2020-10-26,56.13269805908203
2020-10-27,55.984859466552734
2020-10-28,54.350013732910156
2020-10-29,54.33262634277344
2020-10-30,54.14130783081055
2020-11-02,55.00221252441406
2020-11-03,55.90660095214844
2020-11-04,55.93269348144531
2020-11-05,56.34140396118164
2020-11-06,56.60227584838867
2020-11-09,56.47184753417969
2020-11-10,57.58493423461914
2020-11-11,58.08060073852539
2020-11-12,57.92406463623047
2020-11-13,58.7241096496582
2020-11-16,59.263240814208984
2020-11-17,58.8458366394043
2020-11-18,58.037132263183594
2020-11-19,58.19365310668945
2020-11-20,57.828426361083984
2020-11-23,57.84580612182617
2020-11-24,58.23712158203125
2020-11-25,58.202354431152344
2020-11-27,58.19365310668945
2020-11-30,58.18495559692383
2020-12-01,58.69801330566406
2020-12-02,58.2110481262207
2020-12-03,58.3588752746582
2020-12-04,58.81106185913086
2020-12-07,58.584957122802734
2020-12-08,58.9067268371582
2020-12-09,58.671939849853516
2020-12-10,58.41105651855469
2020-12-11,58.54148864746094
2020-12-14,58.31540298461914
2020-12-15,58.454532623291016
2020-12-16,58.56757354736328
2020-12-17,58.94150161743164
2020-12-18,59.07194519042969
2020-12-21,58.43532943725586
2020-12-22,58.023197174072266
2020-12-23,58.216102600097656
2020-12-24,58.5054931640625
2020-12-28,58.97023010253906
2020-12-29,58.794864654541016
2020-12-30,58.733482360839844
2020-12-31,59.14560317993164
2021-01-04,58.5054931640625
2021-01-05,58.5054931640625
2021-01-06,58.549320220947266
2021-01-07,58.37395095825195
2021-01-08,58.66332244873047
2021-01-11,58.16349411010742
2021-01-12,57.9705924987793
2021-01-13,58.05828094482422
2021-01-14,57.75136947631836
2021-01-15,57.549686431884766
2021-01-19,57.295387268066406
2021-01-20,57.400611877441406
2021-01-21,57.207698822021484
2021-01-22,57.05862808227539
2021-01-25,57.62860107421875
2021-01-26,58.14595413208008
2021-01-27,57.163856506347656
2021-01-28,57.38307571411133
2021-01-29,56.19928741455078
2021-02-01,56.25189971923828
2021-02-02,56.62894821166992
2021-02-03,56.716644287109375
2021-02-04,57.128780364990234
2021-02-05,57.66367721557617
2021-02-08,57.882896423339844
2021-02-09,57.83028030395508
2021-02-10,57.76890182495117
2021-02-11,57.51459884643555
2021-02-12,57.60230255126953
2021-02-16,57.4970703125
2021-02-17,57.70751953125
2021-02-18,57.67244338989258
2021-02-19,56.944637298583984
2021-02-22,56.997257232666016
2021-02-23,57.076171875
2021-02-24,57.041099548339844
2021-02-25,56.418495178222656
2021-02-26,55.506553649902344
2021-03-01,56.06775665283203
2021-03-02,55.97130584716797
2021-03-03,55.70823287963867
2021-03-04,55.506553649902344
2021-03-05,56.73417282104492
2021-03-08,56.97970962524414
2021-03-09,56.927101135253906
2021-03-10,57.67244338989258
2021-03-11,57.53215026855469
2021-03-12,58.00566864013672
2021-03-15,58.25995635986328
2021-03-16,58.330101013183594
2021-03-17,58.24241256713867
2021-03-18,58.00566864013672
2021-03-19,58.207340240478516
2021-03-22,58.82184600830078
2021-03-23,59.06868362426758
2021-03-24,58.83945846557617
2021-03-25,59.412513732910156
2021-03-26,60.461647033691406
2021-03-29,61.069969177246094
2021-03-30,60.41755676269531
2021-03-31,60.223609924316406
2021-04-01,59.93268585205078
2021-04-05,60.69969177246094
2021-04-06,60.95534896850586
2021-04-07,60.80549621582031
2021-04-08,60.867191314697266
2021-04-09,60.76140594482422
2021-04-12,61.08760070800781
2021-04-13,60.76140594482422
2021-04-14,60.7085075378418
2021-04-15,61.19341278076172
2021-04-16,61.54605484008789
2021-04-19,61.30801773071289
2021-04-20,61.64302062988281
2021-04-21,61.95158767700195
2021-04-22,61.4931526184082
2021-04-23,61.334442138671875
2021-04-26,60.646793365478516
2021-04-27,60.602718353271484
2021-04-28,60.646793365478516
2021-04-29,61.29035186767578
2021-04-30,61.343265533447266
2021-05-03,61.845802307128906
2021-05-04,61.52842712402344
2021-05-05,61.48432922363281
2021-05-06,62.27777862548828
2021-05-07,62.27777862548828
2021-05-10,62.753868103027344
2021-05-11,62.20726013183594
2021-05-12,61.378543853759766
2021-05-13,62.24253463745117
2021-05-14,62.51581954956055
2021-05-17,62.42765426635742
2021-05-18,62.23371124267578
2021-05-19,62.03094482421875
2021-05-20,62.603981018066406
2021-05-21,62.612815856933594
2021-05-24,62.79794692993164
2021-05-25,62.81557846069336
2021-05-26,62.68333053588867
2021-05-27,62.295433044433594
2021-05-28,62.42765426635742
2021-06-01,62.216064453125
2021-06-02,62.44530487060547
2021-06-03,62.833229064941406
2021-06-04,63.05362319946289
2021-06-07,62.94782638549805
2021-06-08,62.418853759765625
2021-06-09,62.11910629272461
2021-06-10,62.50702667236328
2021-06-11,62.54228591918945
2021-06-14,62.50702667236328
2021-06-15,62.35715103149414
2021-06-16,61.52842712402344
2021-06-17,61.74882125854492
2021-06-18,60.65560531616211
2021-06-21,61.35128402709961
2021-06-22,61.44002151489258
2021-06-23,61.05846405029297
2021-06-24,61.36017608642578
2021-06-25,61.8304557800293
2021-06-28,61.883697509765625
2021-06-29,61.60861587524414
2021-06-30,62.08778762817383
2021-07-01,61.90144729614258
2021-07-02,62.052310943603516
2021-07-06,61.79497146606445
2021-07-07,62.1232795715332
2021-07-08,61.892574310302734
2021-07-09,62.24751663208008
2021-07-12,62.149906158447266
2021-07-13,62.13216781616211
2021-07-14,62.68229675292969
2021-07-15,62.939640045166016
2021-07-16,63.0372428894043
2021-07-19,62.850914001464844
2021-07-20,62.868648529052734
2021-07-21,62.70894241333008
2021-07-22,62.602447509765625
2021-07-23,63.3567008972168
2021-07-26,63.46318435668945
2021-07-27,63.596282958984375
2021-07-28,63.0372428894043
2021-07-29,63.34782028198242
2021-07-30,63.454315185546875
2021-08-02,63.18811798095703
2021-08-03,63.47205352783203
2021-08-04,62.646827697753906
2021-08-05,62.948524475097656
2021-08-06,62.948524475097656
2021-08-09,63.17922592163086
2021-08-10,63.63176727294922
2021-08-11,63.8447380065918
2021-08-12,63.80924987792969
2021-08-13,64.34166717529297
2021-08-16,64.7143325805664
2021-08-17,64.74983215332031
2021-08-18,63.94234085083008
2021-08-19,64.4570083618164
2021-08-20,64.56350708007812
2021-08-23,64.35940551757812
2021-08-24,63.871368408203125
2021-08-25,63.76488494873047
2021-08-26,63.47205352783203
2021-08-27,63.69388198852539
2021-08-30,63.97782897949219
2021-08-31,64.11982727050781
2021-09-01,64.4570083618164
2021-09-02,64.7054672241211
2021-09-03,64.62559509277344
2021-09-07,63.88023376464844
2021-09-08,64.43037414550781
2021-09-09,64.05770111083984
2021-09-10,63.782623291015625
2021-09-13,63.94234085083008
2021-09-14,63.649532318115234
2021-09-15,63.88023376464844
2021-09-16,63.667274475097656
2021-09-17,63.32121658325195
2021-09-20,62.68904113769531
2021-09-21,62.61760711669922
2021-09-22,62.79619216918945
2021-09-23,63.0283203125
2021-09-24,63.05513381958008
2021-09-27,62.7694091796875
2021-09-28,62.0283203125
2021-09-29,62.59082794189453
2021-09-30,61.46580123901367
2021-10-01,61.62650680541992
2021-10-04,61.430084228515625
2021-10-05,61.74260711669922
2021-10-06,62.3408088684082
2021-10-07,62.61760711669922
2021-10-08,62.54619216918945
2021-10-11,62.5283203125
2021-10-12,62.555118560791016
2021-10-13,62.67118835449219
2021-10-14,63.3765754699707
2021-10-15,63.224761962890625
2021-10-18,62.849769592285156
2021-10-19,62.876548767089844
2021-10-20,63.24264144897461
2021-10-21,63.16227340698242
2021-10-22,63.65336608886719
2021-10-25,63.60872268676758
2021-10-26,63.83193588256836
2021-10-27,63.45692825317383
2021-10-28,63.680137634277344
2021-10-29,63.61763381958008
2021-11-01,63.71586990356445
2021-11-02,64.14442443847656
2021-11-03,64.74268341064453
2021-11-04,64.80518341064453
2021-11-05,65.18017578125
2021-11-08,64.66232299804688
2021-11-09,64.88552856445312
2021-11-10,65.08196258544922
2021-11-11,65.03732299804688
2021-11-12,65.03732299804688
2021-11-15,65.34982299804688
2021-11-16,64.9391098022461
2021-11-17,64.79623413085938
2021-11-18,64.56407928466797
2021-11-19,64.33193969726562
2021-11-22,64.84089660644531
2021-11-23,65.26945495605469
2021-11-24,65.0730209350586
2021-11-26,64.25157165527344
2021-11-29,64.41230010986328
2021-11-30,62.760475158691406
2021-12-01,62.45689392089844
2021-12-02,63.117610931396484
2021-12-03,63.903377532958984
2021-12-06,65.02838897705078
2021-12-07,65.1712417602539
2021-12-08,64.96590423583984
2021-12-09,65.14446258544922
2021-12-10,66.24270629882812
2021-12-13,67.10881042480469
2021-12-14,67.15342712402344
2021-12-15,67.83202362060547
2021-12-16,68.3141860961914
2021-12-17,67.14451599121094
2021-12-20,67.16429138183594
2021-12-21,67.07439422607422
2021-12-22,67.49694061279297
2021-12-23,67.6497573852539
2021-12-27,68.36893463134766
2021-12-28,68.75550079345703
2021-12-29,69.0701675415039
2021-12-30,68.85441589355469
2021-12-31,69.32189178466797
2022-01-03,69.31290435791016
2022-01-04,69.7803726196289
2022-01-05,69.71746063232422
2022-01-06,69.5286636352539
2022-01-07,69.6005859375
2022-01-10,69.05218505859375
2022-01-11,68.97126770019531
2022-01-12,68.9982681274414
2022-01-13,69.12409973144531
2022-01-14,69.2499771118164
2022-01-18,68.25208282470703
2022-01-19,68.68360137939453
2022-01-20,68.23411560058594
2022-01-21,68.28804779052734
2022-01-24,68.06328582763672
2022-01-25,67.30813598632812
2022-01-26,66.79570007324219
2022-01-27,67.24520874023438
2022-01-28,68.03632354736328
2022-01-31,68.29703521728516
2022-02-01,68.23411560058594
2022-02-02,69.05218505859375
2022-02-03,69.0701675415039
2022-02-04,68.22510528564453
2022-02-07,68.35099029541016
2022-02-08,68.61168670654297
2022-02-09,68.6296615600586
2022-02-10,67.8924789428711
2022-02-11,67.6497573852539
2022-02-14,67.4609603881836
2022-02-15,67.57781982421875
2022-02-16,67.70369720458984
2022-02-17,68.22510528564453
2022-02-18,68.35099029541016
2022-02-22,67.82057189941406
2022-02-23,67.27217864990234
2022-02-24,66.11247253417969
2022-02-25,68.24308776855469
2022-02-28,67.33509063720703
2022-03-01,66.93953704833984
2022-03-02,67.6497573852539
2022-03-03,68.19815826416016
2022-03-04,68.20714569091797
2022-03-07,66.96650695800781
2022-03-08,65.15953063964844
2022-03-09,65.60002899169922
2022-03-10,64.97972106933594
2022-03-11,64.22455596923828
2022-03-14,64.56617736816406
2022-03-15,66.01356506347656
2022-03-16,66.08549499511719
2022-03-17,66.5439682006836
2022-03-18,66.69681549072266
2022-03-21,66.78257751464844
2022-03-22,67.27928161621094
2022-03-23,66.73744201660156
2022-03-24,67.2070541381836
2022-03-25,67.7669677734375
2022-03-28,68.04690551757812
2022-03-29,68.65196990966797
2022-03-30,68.69712829589844
2022-03-31,68.53458404541016
2022-04-01,69.22090911865234
2022-04-04,69.0041732788086
2022-04-05,69.06737518310547
2022-04-06,69.943359375
2022-04-07,70.79227447509766
2022-04-08,71.09028625488281
2022-04-11,70.80130004882812
2022-04-12,70.81936645507812
2022-04-13,71.21672821044922
2022-04-14,71.19864654541016
2022-04-18,70.61165618896484
2022-04-19,71.68631744384766
2022-04-20,72.76097869873047
2022-04-21,72.69776153564453
2022-04-22,71.55988311767578
2022-04-25,71.87596893310547
2022-04-26,70.76517486572266
2022-04-27,71.02706146240234
2022-04-28,72.07463073730469
2022-04-29,70.11495971679688
2022-05-02,69.19381713867188
2022-05-03,68.99514770507812
2022-05-04,70.5484390258789
2022-05-05,69.21188354492188
2022-05-06,69.28411865234375
2022-05-09,69.25701904296875
2022-05-10,68.77840423583984
2022-05-11,68.48038482666016
2022-05-12,68.46232604980469
2022-05-13,69.49183654785156
2022-05-16,69.80791473388672
2022-05-17,69.32928466796875
2022-05-18,64.86808013916016
2022-05-19,63.712135314941406
2022-05-20,63.847591400146484
2022-05-23,65.16609191894531
2022-05-24,66.2317123413086
2022-05-25,66.24978637695312
2022-05-26,66.95419311523438
2022-05-27,67.73084259033203
2022-05-31,67.25221252441406
2022-06-01,66.376220703125
2022-06-02,67.34252166748047
2022-06-03,66.66519165039062
2022-06-06,66.69229888916016
2022-06-07,67.04449462890625
2022-06-08,66.22268676757812
2022-06-09,65.22930908203125
2022-06-10,64.9493408203125
2022-06-13,63.549591064453125
2022-06-14,62.80002975463867
2022-06-15,62.863258361816406
2022-06-16,62.384613037109375
2022-06-17,62.15884017944336
2022-06-21,63.81752395629883
2022-06-22,63.77201843261719
2022-06-23,65.00944519042969
2022-06-24,66.2832260131836
2022-06-27,66.10125732421875
2022-06-28,65.21871185302734
2022-06-29,65.62814331054688
2022-06-30,65.67362213134766
2022-07-01,66.6198959350586
2022-07-05,66.1922378540039
2022-07-06,66.38331604003906
2022-07-07,66.44700622558594
2022-07-08,66.3287353515625
2022-07-11,66.23773956298828
2022-07-12,66.04666900634766
2022-07-13,66.0921859741211
2022-07-14,66.14674377441406
2022-07-15,66.36512756347656
2022-07-18,65.71912384033203
2022-07-19,66.41060638427734
2022-07-20,65.96479797363281
2022-07-21,66.16495513916016
2022-07-22,66.60167694091797
2022-07-25,66.92923736572266
2022-07-26,66.77457427978516
2022-07-27,67.22948455810547
2022-07-28,68.3031234741211
2022-07-29,67.77539825439453
2022-08-01,68.62155151367188
2022-08-02,68.07566833496094
2022-08-03,68.521484375
2022-08-04,68.06655883789062
2022-08-05,67.91187286376953
2022-08-08,67.87548828125
2022-08-09,67.77539825439453
2022-08-10,68.27583312988281
2022-08-11,68.11205291748047
2022-08-12,68.70346069335938
2022-08-15,69.38585662841797
2022-08-16,70.16834259033203
2022-08-17,69.96817016601562
2022-08-18,70.20472717285156
2022-08-19,69.9772720336914
2022-08-22,69.26756286621094
2022-08-23,68.96732330322266
2022-08-24,69.14019775390625
2022-08-25,69.45862579345703
2022-08-26,67.73900604248047
2022-08-29,67.62983703613281
2022-08-30,66.92923736572266
2022-08-31,66.51980590820312
2022-09-01,66.89282989501953
2022-09-02,66.01937866210938
2022-09-06,65.64633178710938
2022-09-07,66.82915496826172
2022-09-08,66.65628051757812
2022-09-09,67.31136322021484
2022-09-12,67.57523345947266
2022-09-13,65.31879425048828
2022-09-14,65.2914810180664
2022-09-15,64.74557495117188
2022-09-16,64.9002456665039
2022-09-19,65.33158874511719
2022-09-20,64.97442626953125
2022-09-21,64.72716522216797
2022-09-22,64.6355972290039
2022-09-23,63.53666305541992
2022-09-26,63.58244323730469
2022-09-27,62.4835205078125
2022-09-28,63.23444747924805
2022-09-29,62.19047546386719
2022-09-30,61.1098518371582
2022-10-03,62.16299057006836
2022-10-04,63.10624313354492
2022-10-05,62.73994445800781
2022-10-06,61.824161529541016
2022-10-07,60.89921569824219
2022-10-10,61.11899948120117
2022-10-11,61.6226806640625
2022-10-12,61.952369689941406
2022-10-13,62.97801971435547
2022-10-14,61.84246826171875
2022-10-17,62.510986328125
2022-10-18,63.32603454589844
2022-10-19,63.032997131347656
2022-10-20,62.15382766723633
2022-10-21,63.10624313354492
2022-10-24,64.24181365966797
2022-10-25,65.08431243896484
2022-10-26,65.51472473144531
2022-10-27,65.5696792602539
2022-10-28,67.0074462890625
2022-10-31,66.61365509033203
2022-11-01,66.40303039550781
2022-11-02,65.24916076660156
2022-11-03,65.02937316894531
2022-11-04,65.79862976074219
2022-11-07,66.38472747802734
2022-11-08,66.5770263671875
2022-11-09,65.85357666015625
2022-11-10,67.4012222290039
2022-11-11,67.32796478271484
2022-11-14,66.79682922363281
2022-11-15,67.35545349121094
2022-11-16,67.68515014648438
2022-11-17,67.66680145263672
2022-11-18,68.3902816772461
2022-11-21,69.04047393798828
2022-11-22,69.54417419433594
2022-11-23,69.78226470947266
2022-11-25,69.82803344726562
2022-11-28,69.56246948242188
2022-11-29,69.29690551757812
2022-11-30,70.68889617919922
2022-12-01,70.36837005615234
2022-12-02,70.68889617919922
2022-12-05,69.80058288574219
2022-12-06,69.37015533447266
2022-12-07,69.66322326660156
2022-12-08,70.03868103027344
2022-12-09,69.49836730957031
2022-12-12,70.23098754882812
2022-12-13,70.13025665283203
2022-12-14,70.08446502685547
2022-12-15,68.89395904541016
2022-12-16,68.55512237548828
2022-12-19,68.51176452636719
2022-12-20,68.45643615722656
2022-12-21,69.13896179199219
2022-12-22,68.9821548461914
2022-12-23,69.34188842773438
2022-12-27,69.6739273071289
2022-12-28,68.80691528320312
2022-12-29,69.10205078125
2022-12-30,68.76080322265625
2023-01-03,68.50254821777344
2023-01-04,68.77001953125
2023-01-05,68.07825469970703
2023-01-06,69.8952865600586
2023-01-09,69.21276092529297
2023-01-10,69.12051391601562
2023-01-11,69.15742492675781
2023-01-12,68.61323547363281
2023-01-13,68.9360580444336
2023-01-17,68.9821548461914
2023-01-18,67.10057067871094
2023-01-19,66.46417999267578
2023-01-20,66.98069763183594
2023-01-23,67.19280242919922
2023-01-24,67.46952819824219
2023-01-25,67.63552856445312
2023-01-26,67.3957290649414
2023-01-27,67.20203399658203
2023-01-30,67.28504180908203
2023-01-31,68.01370239257812
2023-02-01,68.5578842163086
2023-02-02,67.96758270263672
2023-02-03,67.70011138916016
2023-02-06,67.7831039428711
2023-02-07,67.49720001220703
2023-02-08,66.98069763183594
2023-02-09,66.68553924560547
2023-02-10,67.30349731445312
2023-02-13,68.06904602050781
2023-02-14,67.45106506347656
2023-02-15,67.5802001953125
2023-02-16,67.09134674072266
2023-02-17,67.95836639404297
2023-02-21,67.70011138916016
2023-02-22,67.59864044189453
2023-02-23,67.51563262939453
2023-02-24,67.06368255615234
2023-02-27,66.98989868164062
2023-02-28,66.43649291992188
2023-03-01,65.94766235351562
2023-03-02,66.85155487060547
2023-03-03,66.90689086914062
2023-03-06,67.0821304321289
2023-03-07,66.41804504394531
2023-03-08,66.52873229980469
2023-03-09,65.91075897216797
2023-03-10,65.58793640136719
2023-03-13,65.91998291015625
2023-03-14,66.51949310302734
2023-03-15,66.95301055908203
2023-03-16,66.9991226196289
2023-03-17,66.51028442382812
2023-03-20,67.43243408203125
2023-03-21,67.37681579589844
2023-03-22,66.75587463378906
2023-03-23,66.49637603759766
2023-03-24,67.6270523071289
2023-03-27,67.98849487304688
2023-03-28,68.10895538330078
2023-03-29,68.48895263671875
2023-03-30,68.68357849121094
2023-03-31,69.23963928222656
2023-04-03,69.60107421875
2023-04-04,69.46208190917969
2023-04-05,69.78645324707031
2023-04-06,69.84205627441406
2023-04-10,69.84205627441406
2023-04-11,70.04593658447266
2023-04-12,69.7308349609375
2023-04-13,70.12007904052734
2023-04-14,69.67522430419922
2023-04-17,70.12007904052734
2023-04-18,70.33324432373047
2023-04-19,70.28689575195312
2023-04-20,70.45372009277344
2023-04-21,70.96345520019531
2023-04-24,71.25076293945312
2023-04-25,71.1580810546875
2023-04-26,70.60199737548828
2023-04-27,71.38976287841797
2023-04-28,71.76976013183594
2023-05-01,71.82534790039062
2023-05-02,71.63072967529297
2023-05-03,71.046875
2023-05-04,70.87076568603516
2023-05-05,71.52879333496094
2023-05-08,71.31562042236328
2023-05-09,71.09320068359375
2023-05-10,70.98197937011719
2023-05-11,71.19514465332031
2023-05-12,71.47318267822266
2023-05-15,71.29710388183594
2023-05-16,70.6946792602539
2023-05-17,70.6576156616211
2023-05-18,70.31470489501953
2023-05-19,70.36104583740234
2023-05-22,69.29524230957031
2023-05-23,68.78553009033203
2023-05-24,68.34066772460938
2023-05-25,67.8216781616211
2023-05-26,68.05335998535156
2023-05-30,67.27487182617188
2023-05-31,67.3489990234375
2023-06-01,67.29339599609375
2023-06-02,68.2201919555664
2023-06-05,67.96995544433594
2023-06-06,67.6270523071289
2023-06-07,67.40462493896484
2023-06-08,67.86801147460938
2023-06-09,67.75679779052734
2023-06-12,67.73825073242188
2023-06-13,68.01629638671875
2023-06-14,68.43334197998047
2023-06-15,69.11917114257812
2023-06-16,69.20257568359375
2023-06-20,68.67615509033203
2023-06-21,68.91883087158203
2023-06-22,69.32018280029297
2023-06-23,68.86283111572266
2023-06-26,68.9561538696289
2023-06-27,69.16150665283203
2023-06-28,68.69482421875
2023-06-29,68.6294937133789
2023-06-30,69.22683715820312
2023-07-03,69.7681884765625
2023-07-05,69.64683532714844
2023-07-06,69.46952056884766
2023-07-07,68.56414794921875
2023-07-10,68.54547882080078
2023-07-11,68.64815521240234
2023-07-12,68.80683135986328
2023-07-13,69.09616088867188
2023-07-14,69.32950592041016
2023-07-17,69.12417602539062
2023-07-18,69.04949951171875
2023-07-19,69.74952697753906
2023-07-20,70.34687805175781
2023-07-21,70.58953094482422
2023-07-24,70.8602066040039
2023-07-25,70.84154510498047
2023-07-26,70.92554473876953
2023-07-27,70.30020141601562
2023-07-28,71.02820587158203
2023-07-31,70.70154571533203
2023-08-01,70.31885528564453
2023-08-02,70.57086181640625
2023-08-03,70.3748550415039
2023-08-04,69.67485046386719
2023-08-07,70.24420166015625
2023-08-08,69.74018859863281
2023-08-09,69.84286499023438
2023-08-10,69.7028579711914
2023-08-11,69.81486511230469
2023-08-14,69.46952056884766
2023-08-15,68.72282409667969
2023-08-16,68.56414794921875
2023-08-17,67.90147399902344
2023-08-18,68.15348052978516
2023-08-21,67.6961441040039
2023-08-22,67.31346130371094
2023-08-23,67.76146697998047
2023-08-24,67.22012329101562
2023-08-25,67.59345245361328
2023-08-28,67.90147399902344
2023-08-29,68.14414978027344
2023-08-30,68.25613403320312
2023-08-31,67.91080474853516
2023-09-01,67.33212280273438
2023-09-05,66.75345611572266
2023-09-06,66.67877960205078
2023-09-07,66.83744049072266
2023-09-08,66.92144775390625
2023-09-11,67.50012969970703
2023-09-12,66.92144775390625
2023-09-13,67.12678527832031
2023-09-14,67.80815124511719
2023-09-15,67.24813079833984
2023-09-18,67.2246322631836
2023-09-19,67.06490325927734
2023-09-20,67.13066864013672
2023-09-21,66.26615905761719
2023-09-22,65.90908813476562
2023-09-25,65.6741714477539
2023-09-26,65.18553924560547
2023-09-27,64.6499252319336
2023-09-28,64.84725189208984
2023-09-29,64.6593246459961
2023-10-02,64.21765899658203
2023-10-03,63.75722122192383
2023-10-04,64.26464080810547
2023-10-05,62.996070861816406
2023-10-06,62.64840316772461
2023-10-09,62.70478439331055
2023-10-10,63.343772888183594
2023-10-11,62.911502838134766
2023-10-12,62.22553634643555
2023-10-13,62.77056121826172
2023-10-16,63.41893768310547
2023-10-17,63.69144821166992
2023-10-18,63.92636489868164
2023-10-19,63.45652389526367
2023-10-20,63.21220779418945
2023-10-23,63.09004592895508
2023-10-24,63.625667572021484
2023-10-25,63.841800689697266
2023-10-26,63.428340911865234
2023-10-27,62.56383514404297
2023-10-30,63.541107177734375
2023-10-31,63.76660919189453
2023-11-01,63.70083236694336
2023-11-02,64.52775573730469
2023-11-03,64.6029281616211
2023-11-06,64.70629119873047
2023-11-07,64.86603546142578
2023-11-08,64.6123275756836
2023-11-09,64.3492202758789
2023-11-10,64.8002700805664
2023-11-13,65.00698852539062
2023-11-14,65.6741714477539
2023-11-15,66.20038604736328
2023-11-16,65.38286590576172
2023-11-17,65.29829406738281
2023-11-20,65.25131225585938
2023-11-21,65.44863891601562
2023-11-22,65.91849517822266
2023-11-24,66.16280364990234
2023-11-27,65.97486877441406
2023-11-28,66.27555847167969
2023-11-29,65.73993682861328
2023-11-30,66.3977279663086
2023-12-01,66.67021942138672
2023-12-04,66.75480651855469
2023-12-05,66.22858428955078
2023-12-06,66.05944061279297
2023-12-07,66.34133911132812
2023-12-08,65.88089752197266
2023-12-11,66.5104751586914
2023-12-12,66.72660064697266
2023-12-13,67.93878936767578
2023-12-14,66.94273376464844
2023-12-15,66.94273376464844
2023-12-18,67.63956451416016
2023-12-19,67.77214050292969
2023-12-20,66.4560775756836
2023-12-21,66.92001342773438
2023-12-22,67.43126678466797
2023-12-26,67.71532440185547
2023-12-27,68.02776336669922
2023-12-28,68.05615997314453
2023-12-29,68.19818878173828
2024-01-02,68.96509552001953
2024-01-03,68.42542266845703
2024-01-04,68.33074951171875
2024-01-05,68.17926788330078
2024-01-08,68.68106079101562
2024-01-09,68.8609619140625
2024-01-10,68.71894073486328
2024-01-11,68.70946502685547
2024-01-12,68.92723846435547
2024-01-16,68.54850769042969
2024-01-17,68.50116729736328
2024-01-18,68.41596221923828
2024-01-19,68.2171401977539
2024-01-22,67.88574981689453
2024-01-23,68.62425231933594
2024-01-24,67.78160095214844
2024-01-25,68.43488311767578
2024-01-26,68.76627349853516
2024-01-29,69.16394805908203
2024-01-30,69.55210876464844
2024-01-31,69.04084777832031
2024-02-01,70.45159149169922
2024-02-02,70.2243423461914
2024-02-05,69.78881072998047
2024-02-06,69.94978332519531
2024-02-07,69.88349151611328
2024-02-08,69.86457061767578
2024-02-09,69.22074890136719
2024-02-12,69.71307373046875
2024-02-13,68.96509552001953
2024-02-14,68.8325424194336
2024-02-15,69.27754211425781
2024-02-16,69.3816909790039
2024-02-20,70.1107406616211
2024-02-21,70.36637878417969
2024-02-22,70.58412170410156
2024-02-23,70.8019027709961
2024-02-26,70.51786041259766
2024-02-27,70.5273208618164
2024-02-28,70.60308074951172
2024-02-29,70.48944091796875
2024-03-01,70.49891662597656
2024-03-04,70.55571746826172
2024-03-05,70.72615051269531
2024-03-06,71.32264709472656
2024-03-07,71.7297592163086
2024-03-08,71.16168975830078
2024-03-11,71.54987335205078
2024-03-12,71.91913604736328
2024-03-13,72.09902954101562
2024-03-14,71.5404052734375
2024-03-15,71.51200866699219
2024-03-18,71.97171783447266
2024-03-19,72.23876953125
2024-03-20,72.45814514160156
2024-03-21,72.49629211425781
2024-03-22,72.14339447021484
2024-03-25,71.943115234375
2024-03-26,71.98125457763672
2024-03-27,72.73473358154297
2024-03-28,72.83010864257812
2024-04-01,72.24832153320312
2024-04-02,71.8763427734375
2024-04-03,71.084716796875
2024-04-04,70.77949523925781
2024-04-05,70.89395904541016
2024-04-08,70.78904724121094
2024-04-09,71.13240814208984
2024-04-10,70.87488555908203
2024-04-11,70.70319366455078
2024-04-12,69.98787689208984
2024-04-15,69.70174407958984
2024-04-16,69.73036193847656
2024-04-17,69.98787689208984
2024-04-18,70.31216430664062
2024-04-19,70.99887084960938
2024-04-22,71.67605590820312
2024-04-23,71.8763427734375
2024-04-24,72.42000579833984
2024-04-25,72.24832153320312
2024-04-26,72.095703125
2024-04-29,72.32461547851562
2024-04-30,72.00987243652344
2024-05-01,71.55205535888672
2024-05-02,72.15293884277344
2024-05-03,72.37230682373047
2024-05-06,72.41045379638672
2024-05-07,73.20209503173828
2024-05-08,72.98271942138672
2024-05-09,73.61221313476562
2024-05-10,74.0318832397461
2024-05-13,73.8220443725586
2024-05-14,73.67898559570312
2024-05-15,73.7266616821289
2024-05-16,74.77581787109375
2024-05-17,74.59459686279297
2024-05-20,74.0795669555664
2024-05-21,74.5182876586914
2024-05-22,74.22261810302734
2024-05-23,73.34515380859375
2024-05-24,73.53590393066406
2024-05-28,72.96365356445312
2024-05-29,72.43905639648438
2024-05-30,72.62982940673828
2024-05-31,73.76480102539062
2024-06-03,73.73619842529297
2024-06-04,74.37523651123047
2024-06-05,74.21308898925781
2024-06-06,74.44200134277344
2024-06-07,74.07001495361328
2024-06-10,74.01278686523438
2024-06-11,73.97464752197266
2024-06-12,73.1639404296875
2024-06-13,73.25930786132812
2024-06-14,73.39282989501953
2024-06-17,74.08910369873047
2024-06-18,74.18447875976562
2024-06-20,74.0223388671875
2024-06-21,74.0795669555664
2024-06-24,74.86947631835938
2024-06-25,74.38899993896484
2024-06-26,74.23524475097656
2024-06-27,73.91812133789062
2024-06-28,73.59138488769531
2024-07-01,73.07245635986328
2024-07-02,73.58177185058594
2024-07-03,73.45684051513672
2024-07-05,74.36016845703125
2024-07-08,74.24485778808594
2024-07-09,74.05265045166016
2024-07-10,74.37937927246094
2024-07-11,74.10070037841797
2024-07-12,74.42742156982422
2024-07-15,73.9949951171875
2024-07-16,74.70610809326172
2024-07-17,75.6670913696289
2024-07-18,75.29231262207031
2024-07-19,75.04244232177734
2024-07-22,75.09050750732422
2024-07-23,74.8214340209961
2024-07-24,74.7541732788086
2024-07-25,74.66767120361328
2024-07-26,75.42683410644531
2024-07-29,75.4556655883789
2024-07-30,74.94635772705078
2024-07-31,74.81182098388672
2024-08-01,75.50372314453125
2024-08-02,76.16679382324219
2024-08-05,74.66767120361328
2024-08-06,75.18659973144531
2024-08-07,75.26348114013672
2024-08-08,75.94576263427734
2024-08-09,76.06108856201172
2024-08-12,75.67670440673828
2024-08-13,76.02264404296875
2024-08-14,76.36859893798828
2024-08-15,77.1565933227539
2024-08-16,77.3680191040039
2024-08-19,77.62747955322266
2024-08-20,78.0118637084961
2024-08-21,78.54041290283203
2024-08-22,78.42508697509766
2024-08-23,78.64611053466797
2024-08-26,79.2034683227539
2024-08-27,79.39566802978516
2024-08-28,79.059326171875
2024-08-29,78.66533660888672
2024-08-30,79.28996276855469
2024-09-03,79.84732055664062
2024-09-04,80.22211456298828
2024-09-05,79.91459655761719
2024-09-06,79.751220703125
2024-09-09,80.36624145507812
2024-09-10,80.34703826904297
2024-09-11,79.59747314453125
2024-09-12,80.08757019042969
2024-09-13,80.654541015625
2024-09-16,80.97167205810547
2024-09-17,80.20288848876953
2024-09-18,79.8953857421875
2024-09-19,79.42450714111328
2024-09-20,79.80888366699219
2024-09-23,80.27163696289062
2024-09-24,80.07842254638672
2024-09-25,79.87553405761719
2024-09-26,80.05909729003906
2024-09-27,80.20401763916016
2024-09-30,80.18468475341797
2024-10-01,79.91419219970703
2024-10-02,79.23793029785156
2024-10-03,78.44575500488281
2024-10-04,78.70658874511719
2024-10-07,77.924072265625
2024-10-08,78.31048583984375
2024-10-09,78.78387451171875
2024-10-10,78.43608856201172
2024-10-11,78.8708267211914
2024-10-14,79.18963623046875
2024-10-15,79.6919937133789
2024-10-16,79.63401794433594
2024-10-17,79.27657318115234
2024-10-18,79.4504623413086
2024-10-21,78.78387451171875
2024-10-22,79.228271484375
2024-10-23,79.07369995117188
2024-10-24,78.9674301147461
2024-10-25,78.31048583984375
2024-10-28,78.45541381835938
2024-10-29,77.68254852294922
2024-10-30,77.55695343017578
2024-10-31,77.40238189697266
2024-11-01,77.4313735961914
2024-11-04,77.64390563964844
2024-11-05,78.13660430908203
2024-11-06,76.86137390136719
2024-11-07,77.14153289794922
2024-11-08,78.0786361694336
2024-11-11,77.8081283569336
2024-11-12,77.89508056640625
2024-11-13,78.12694549560547
2024-11-14,77.93372344970703
2024-11-15,77.24781036376953
2024-11-18,77.78881072998047
2024-11-19,77.89508056640625
2024-11-20,77.49897766113281
2024-11-21,78.33948516845703
2024-11-22,79.06404113769531
2024-11-25,79.49878692626953
2024-11-26,79.82723999023438
2024-11-27,79.9914779663086
2024-11-29,80.39723205566406
2024-12-02,80.30062103271484
2024-12-03,79.88521575927734
2024-12-04,79.66300964355469
2024-12-05,79.98181915283203
2024-12-06,79.58572387695312
2024-12-09,79.46012878417969
2024-12-10,79.83689880371094
2024-12-11,79.228271484375
2024-12-12,79.46012878417969
2024-12-13,79.25725555419922
2024-12-16,78.84184265136719
2024-12-17,78.70658874511719
2024-12-18,77.50865173339844
2024-12-19,76.9579849243164
2024-12-20,77.22848510742188
2024-12-23,76.82159423828125
2024-12-24,77.32776641845703
2024-12-26,77.57112884521484
2024-12-27,77.1915054321289
2024-12-30,76.2862319946289
2024-12-31,76.51984405517578
2025-01-02,76.2862319946289
2025-01-03,76.2472915649414
2025-01-06,75.4490966796875
2025-01-07,75.18627166748047
2025-01-08,75.32254028320312
2025-01-10,74.31019592285156
2025-01-13,74.4367446899414
2025-01-14,74.45620727539062
2025-01-15,74.203125
2025-01-16,74.75796508789062
2025-01-17,75.18627166748047
2025-01-21,75.53669738769531
2025-01-22,75.16680145263672
2025-01-23,75.4393539428711
2025-01-24,75.82872009277344
2025-01-27,77.88261413574219
2025-01-28,76.66585540771484
2025-01-29,76.8508071899414
2025-01-30,77.61006927490234
2025-01-31,76.8800048828125
2025-02-03,77.1817626953125
2025-02-04,76.52957916259766
2025-02-05,77.00654602050781
2025-02-06,77.35697937011719
2025-02-07,77.24016571044922
2025-02-10,77.71713256835938
2025-02-11,78.46666717529297
2025-02-12,78.40826416015625
2025-02-13,79.255126953125
2025-02-14,78.46666717529297
2025-02-18,78.74895477294922
2025-02-19,79.38167572021484
2025-02-20,79.07018280029297
2025-02-21,79.99491882324219
2025-02-24,80.23827362060547
2025-02-25,81.37715911865234
2025-02-26,79.8197021484375
2025-02-27,79.80996704101562
2025-02-28,80.8709945678711
2025-03-03,81.29928588867188
2025-03-04,79.91704559326172
2025-03-05,80.24800872802734
2025-03-06,80.39401245117188
2025-03-07,80.6568374633789
2025-03-10,80.48162078857422
2025-03-11,79.30380249023438
2025-03-12,77.58085632324219
2025-03-13,77.22069549560547
2025-03-14,77.39591979980469
2025-03-17,78.52507019042969
2025-03-18,77.62953186035156
2025-03-19,77.62953186035156
2025-03-20,77.24989318847656
2025-03-21,77.22069549560547
2025-03-24,77.69823455810547
2025-03-25,76.99366760253906
2025-03-26,78.1875228881836
2025-03-27,79.07801818847656
2025-03-28,78.68659210205078
2025-03-31,79.91958618164062
2025-04-01,80.03701782226562
2025-04-02,79.80216217041016
2025-04-03,80.2620849609375
2025-04-04,76.77838134765625
2025-04-07,75.88789367675781
2025-04-08,74.7136001586914
2025-04-09,77.61016845703125
2025-04-10,77.64930725097656
2025-04-11,78.62787628173828
2025-04-14,79.96851348876953
2025-04-15,79.29330444335938
2025-04-16,78.44194793701172
2025-04-17,80.11529541015625
2025-04-21,79.35201263427734
2025-04-22,80.47736358642578
2025-04-23,80.01744079589844
2025-04-24,79.31288146972656
2025-04-25,79.10736846923828
2025-04-28,78.84315490722656
2025-04-29,79.4988021850586
2025-04-30,80.07615661621094
2025-05-01,79.3813705444336
2025-05-02,79.81193542480469
2025-05-05,79.74343872070312
2025-05-06,79.60643768310547
2025-05-07,79.7336654663086
2025-05-08,79.63579559326172
2025-05-09,79.1758804321289
2025-05-12,79.29330444335938
2025-05-13,78.2266616821289
2025-05-14,77.8058853149414
2025-05-15,79.40093994140625
2025-05-16,80.3110122680664
2025-05-19,80.54586791992188
2025-05-20,80.82965087890625
2025-05-21,79.89022827148438
2025-05-22,79.5575180053711
2025-05-23,79.85108947753906
2025-05-27,80.57522583007812
2025-05-28,80.02722930908203
2025-05-29,80.35015106201172
2025-05-30,81.05471801757812
2025-06-02,81.10365295410156
2025-06-03,81.0253677368164
2025-06-04,80.45780181884766
2025-06-05,79.68472290039062
2025-06-06,79.93915557861328
2025-06-09,79.83151245117188
2025-06-10,80.00765991210938
2025-06-11,79.7336654663086
2025-06-12,80.203369140625
2025-06-13,79.22480010986328
2025-06-16,79.47923278808594
2025-06-17,78.80401611328125
2025-06-18,78.70616149902344
2025-06-20,79.28351593017578
2025-06-23,80.20179748535156
2025-06-24,80.13282775878906
2025-06-25,79.05886840820312
2025-06-26,78.98989868164062
2025-06-27,79.36431121826172
2025-06-30,79.77812957763672
2025-07-01,80.77326202392578
2025-07-02,81.00972747802734
2025-07-03,80.9703140258789
2025-07-07,80.9013442993164
2025-07-08,80.15252685546875
2025-07-09,79.63033294677734
2025-07-10,79.91606903076172
2025-07-11,79.6204833984375
2025-07-14,79.68944549560547
2025-07-15,78.89137268066406
2025-07-16,79.16725158691406
2025-07-17,79.91606903076172
2025-07-18,79.69930267333984
2025-07-21,79.68944549560547
2025-07-22,80.4185562133789
2025-07-23,80.44811248779297
2025-07-24,80.16238403320312
2025-07-25,80.30032348632812
2025-07-28,79.47269439697266
2025-07-29,79.99488830566406
2025-07-30,79.28548431396484
2025-07-31,78.60564422607422
2025-08-01,78.98004913330078
2025-08-04,79.36431121826172
2025-08-05,79.28548431396484
2025-08-06,80.4185562133789
2025-08-07,81.02942657470703
2025-08-08,81.26589965820312
2025-08-11,81.19692993164062
2025-08-12,81.41368865966797
2025-08-13,81.41368865966797
2025-08-14,80.68458557128906
2025-08-15,80.81266784667969
2025-08-18,80.70429229736328
2025-08-19,81.53192901611328
2025-08-20,81.99501037597656
2025-08-21,81.25605010986328
2025-08-22,81.25605010986328
2025-08-25,79.8667984008789
2025-08-26,79.3446044921875
2025-08-27,79.58106231689453
2025-08-28,79.07857513427734
2025-08-29,79.5909194946289
2025-09-02,79.46283721923828
2025-09-03,79.4037094116211
2025-09-04,79.45298767089844
2025-09-05,79.67959594726562
2025-09-08,79.3840103149414
2025-09-09,79.54165649414062
2025-09-10,78.76329040527344
2025-09-11,79.4037094116211
2025-09-12,79.13768768310547
2025-09-15,78.23123168945312
2025-09-16,78.5859375
2025-09-17,79.05886840820312
2025-09-18,78.36917114257812
2025-09-19,78.2115249633789
2025-09-22,77.33952331542969
2025-09-23,77.7264175415039
2025-09-24,77.89506530761719
2025-09-25,77.15103149414062
2025-09-26,77.33952331542969
2025-09-29,77.48833465576172
2025-09-30,77.74626159667969
2025-10-01,77.6272201538086
2025-10-02,77.31968688964844
2025-10-03,77.40896606445312
2025-10-06,76.843505859375
2025-10-07,77.55777740478516
2025-10-08,77.1708755493164
2025-10-09,77.41889190673828
2025-10-10,77.47840881347656
2025-10-13,77.22047424316406
2025-10-14,78.46052551269531
2025-10-15,78.59941864013672
2025-10-16,78.05379486083984
2025-10-17,79.09544372558594
2025-10-20,79.0260009765625
2025-10-21,78.65894317626953
2025-10-22,79.10535430908203
2025-10-23,78.71846008300781
2025-10-24,78.46052551269531
2025-10-27,78.5895004272461
2025-10-28,77.8057861328125
2025-10-29,75.97051239013672
2025-10-30,75.89114379882812
2025-10-31,75.67289733886719
2025-11-03,75.07767486572266
2025-11-04,75.38520050048828
2025-11-05,75.33560180664062
2025-11-06,74.99830627441406
2025-11-07,76.09947204589844
2025-11-10,75.82170104980469
2025-11-11,76.8137435913086
2025-11-12,76.70462036132812
2025-11-13,76.70462036132812
2025-11-14,76.64509582519531
2025-11-17,76.15898895263672
2025-11-18,76.48636627197266
2025-11-19,75.90106964111328
2025-11-20,76.44668579101562
2025-11-21,77.2800064086914
2025-11-24,76.38716888427734
2025-11-25,77.43872833251953
2025-11-26,78.28196716308594
2025-11-28,78.7383041381836
2025-12-01,78.65894317626953
2025-12-02,78.14307403564453
2025-12-03,78.20260620117188
2025-12-04,77.82562255859375
2025-12-05,77.8355484008789
2025-12-08,77.19071960449219
2025-12-09,77.3692855834961
2025-12-10,77.59745788574219
2025-12-11,78.17284393310547
2025-12-12,78.78790283203125
2025-12-15,79.00615692138672
2025-12-16,78.64901733398438
2025-12-17,79.01607513427734
2025-12-18,78.55973815917969
2025-12-19,78.15299987792969
2025-12-22,77.87999725341797
2025-12-23,77.51000213623047
2025-12-24,78.12000274658203
2025-12-26,78.2300033569336
2025-12-29,78.27999877929688
2025-12-30,78.1500015258789
2025-12-31,77.68000030517578
